,date,close,high,low,open,volume
0,2013-11-27 00:00:00,5.39,5.4,5.28,5.36,351312.09
1,2013-11-28 00:00:00,5.47,5.53,5.37,5.39,316658.69
2,2013-11-29 00:00:00,5.45,5.5,5.44,5.49,168379.23
3,2013-12-02 00:00:00,5.34,5.48,5.33,5.41,252088.56
4,2013-12-03 00:00:00,5.41,5.43,5.32,5.33,142087.38
5,2013-12-04 00:00:00,5.47,5.55,5.37,5.41,333520.5
6,2013-12-05 00:00:00,5.48,5.53,5.46,5.49,209481.34
7,2013-12-06 00:00:00,5.49,5.51,5.46,5.48,151265.66
8,2013-12-09 00:00:00,5.45,5.55,5.43,5.53,201897.84
9,2013-12-10 00:00:00,5.49,5.51,5.43,5.46,211539.44
10,2013-12-11 00:00:00,5.41,5.49,5.39,5.49,253306.59
11,2013-12-12 00:00:00,5.42,5.45,5.4,5.41,130131.12
12,2013-12-13 00:00:00,5.44,5.5,5.38,5.39,211593.91
13,2013-12-16 00:00:00,5.42,5.48,5.4,5.47,236218.73
14,2013-12-17 00:00:00,5.4,5.46,5.39,5.45,117202.78
15,2013-12-18 00:00:00,5.32,5.41,5.28,5.38,243282.03
16,2013-12-19 00:00:00,5.28,5.35,5.24,5.34,173362.02
17,2013-12-20 00:00:00,5.17,5.3,5.14,5.28,269256.09
18,2013-12-23 00:00:00,5.1,5.19,5.05,5.17,225432.05
19,2013-12-24 00:00:00,5.12,5.23,5.1,5.12,220358.91
20,2013-12-25 00:00:00,5.23,5.23,5.11,5.15,197881.55
21,2013-12-26 00:00:00,5.11,5.22,5.09,5.19,181961.16
22,2013-12-27 00:00:00,5.22,5.25,5.09,5.13,433832.69
23,2013-12-30 00:00:00,5.16,5.23,5.08,5.22,449682.47
24,2013-12-31 00:00:00,5.3,5.3,5.1,5.1,445948.44
25,2014-01-02 00:00:00,5.26,5.32,5.25,5.26,159696.16
26,2014-01-03 00:00:00,5.15,5.27,5.12,5.22,219833.91
27,2014-01-06 00:00:00,4.98,5.16,4.93,5.15,344818.44
28,2014-01-07 00:00:00,4.96,5,4.92,4.92,182395.66
29,2014-01-08 00:00:00,4.94,5.02,4.9,4.97,193305.66
30,2014-01-09 00:00:00,4.84,4.97,4.79,4.92,271612.22
31,2014-01-10 00:00:00,4.86,4.87,4.79,4.85,189619.05
32,2014-01-13 00:00:00,4.72,4.86,4.64,4.86,259893.5
33,2014-01-14 00:00:00,4.71,4.76,4.54,4.7,376473.66
34,2014-01-15 00:00:00,4.58,4.71,4.55,4.69,774170.31
35,2014-01-16 00:00:00,4.67,4.68,4.54,4.59,404669.5
36,2014-01-17 00:00:00,4.66,4.68,4.6,4.63,203237.19
37,2014-01-20 00:00:00,4.6,4.69,4.58,4.66,200583.09
38,2014-01-21 00:00:00,4.72,4.78,4.6,4.62,275260.72
39,2014-01-22 00:00:00,5.03,5.03,4.7,4.73,514668.88
40,2014-01-23 00:00:00,5.02,5.05,4.93,5,247571.44
41,2014-01-24 00:00:00,5.06,5.22,4.98,5,443084.25
42,2014-01-27 00:00:00,4.86,5.01,4.83,5.01,372351.88
43,2014-01-28 00:00:00,4.91,4.92,4.82,4.86,218993.38
44,2014-01-29 00:00:00,4.87,4.91,4.87,4.9,125314.4
45,2014-01-30 00:00:00,4.9,5,4.76,4.87,232471.23
46,2014-02-07 00:00:00,4.91,4.98,4.77,4.86,260311.61
47,2014-02-10 00:00:00,5,5.04,4.92,4.94,379648.28
48,2014-02-11 00:00:00,4.99,5.05,4.94,4.99,382111.31
49,2014-02-12 00:00:00,4.96,5.03,4.89,5,461647.12
50,2014-02-13 00:00:00,4.92,5,4.86,4.93,377172.25
51,2014-02-14 00:00:00,4.93,4.95,4.87,4.92,291487.28
52,2014-02-17 00:00:00,4.94,4.98,4.89,4.94,370187.34
53,2014-02-18 00:00:00,4.85,4.93,4.81,4.93,396809.66
54,2014-02-19 00:00:00,4.94,5.05,4.82,4.83,563532.75
55,2014-02-20 00:00:00,4.98,5.07,4.94,4.99,760417
56,2014-02-21 00:00:00,4.9,5,4.86,4.96,354243.06
57,2014-02-24 00:00:00,4.63,4.86,4.56,4.86,566044.06
58,2014-02-25 00:00:00,4.53,4.66,4.51,4.65,548430.81
59,2014-02-26 00:00:00,4.46,4.53,4.36,4.5,429605.62
60,2014-02-27 00:00:00,4.4,4.52,4.35,4.51,629200.75
61,2014-02-28 00:00:00,4.52,4.56,4.35,4.4,294269.06
62,2014-03-03 00:00:00,4.43,4.5,4.39,4.48,444369.88
63,2014-03-04 00:00:00,4.45,4.5,4.4,4.46,314053.94
64,2014-03-05 00:00:00,4.39,4.46,4.39,4.45,259126.92
65,2014-03-06 00:00:00,4.55,4.59,4.35,4.4,606789.19
66,2014-03-07 00:00:00,4.46,4.58,4.44,4.53,292525.38
67,2014-03-10 00:00:00,4.33,4.45,4.3,4.44,328537.5
68,2014-03-11 00:00:00,4.39,4.44,4.31,4.32,283306.28
69,2014-03-12 00:00:00,4.5,4.57,4.34,4.39,555070.25
70,2014-03-13 00:00:00,4.51,4.57,4.45,4.48,300085.62
71,2014-03-14 00:00:00,4.35,4.51,4.35,4.49,431405.66
72,2014-03-17 00:00:00,4.44,4.46,4.35,4.35,297887.66
73,2014-03-18 00:00:00,4.44,4.46,4.36,4.43,293834.09
74,2014-03-19 00:00:00,4.4,4.42,4.36,4.41,226561.59
75,2014-03-20 00:00:00,4.4,4.5,4.4,4.4,410456.66
76,2014-03-21 00:00:00,4.61,4.64,4.39,4.4,770213.5
77,2014-03-24 00:00:00,4.7,4.75,4.55,4.58,658890.12
78,2014-03-25 00:00:00,4.63,4.74,4.61,4.68,470218.88
79,2014-03-26 00:00:00,4.58,4.68,4.54,4.65,294503.31
80,2014-03-27 00:00:00,4.7,4.78,4.55,4.58,672003.5
81,2014-03-28 00:00:00,4.67,4.84,4.65,4.7,594897.88
82,2014-03-31 00:00:00,4.61,4.72,4.58,4.66,251859.94
83,2014-04-01 00:00:00,4.68,4.69,4.6,4.62,255290.17
84,2014-04-02 00:00:00,4.86,4.96,4.66,4.67,892749.12
85,2014-04-03 00:00:00,4.74,4.89,4.72,4.84,409178.34
86,2014-04-04 00:00:00,4.78,4.82,4.71,4.77,257818.88
87,2014-04-08 00:00:00,4.85,4.88,4.74,4.77,326761.06
88,2014-04-09 00:00:00,4.82,4.91,4.79,4.86,277177.62
89,2014-04-10 00:00:00,4.74,4.84,4.68,4.84,707536.75
90,2014-04-11 00:00:00,4.68,4.72,4.66,4.72,319299.19
91,2014-04-14 00:00:00,4.71,4.73,4.66,4.68,221274.09
92,2014-04-15 00:00:00,4.63,4.71,4.61,4.71,267869.31
93,2014-04-16 00:00:00,4.64,4.68,4.6,4.61,178728.55
94,2014-04-17 00:00:00,4.63,4.67,4.62,4.65,129755.09
95,2014-04-18 00:00:00,4.64,4.66,4.6,4.62,144128.59
96,2014-04-21 00:00:00,4.6,4.68,4.6,4.62,207919.7
97,2014-04-22 00:00:00,4.59,4.64,4.52,4.6,243344.19
98,2014-04-23 00:00:00,4.57,4.6,4.54,4.58,157794.75
99,2014-04-24 00:00:00,4.61,4.7,4.55,4.55,285277.34
100,2014-04-25 00:00:00,4.67,4.76,4.56,4.63,603431.12
101,2014-04-28 00:00:00,5.01,5.1,4.65,4.67,1971711.12
102,2014-04-29 00:00:00,4.89,4.96,4.8,4.96,1049637.88
103,2014-04-30 00:00:00,4.84,4.95,4.81,4.86,627705.38
104,2014-05-05 00:00:00,4.68,4.83,4.59,4.82,699038.5
105,2014-05-06 00:00:00,4.64,4.7,4.62,4.64,360713.78
106,2014-05-07 00:00:00,4.67,4.73,4.61,4.63,353828.12
107,2014-05-08 00:00:00,4.64,4.72,4.62,4.63,272929.12
108,2014-05-09 00:00:00,4.56,4.66,4.5,4.65,317284.41
109,2014-05-12 00:00:00,4.61,4.62,4.53,4.56,339585.12
110,2014-05-13 00:00:00,4.63,4.65,4.59,4.61,242699.45
111,2014-05-14 00:00:00,4.67,4.75,4.67,4.68,389675.28
112,2014-05-15 00:00:00,4.59,4.68,4.58,4.65,172075.86
113,2014-05-16 00:00:00,4.64,4.66,4.57,4.59,172258.34
114,2014-05-19 00:00:00,4.56,4.63,4.51,4.63,161507.86
115,2014-05-20 00:00:00,4.56,4.6,4.54,4.6,101304.3
116,2014-05-21 00:00:00,4.58,4.59,4.5,4.54,97255.03
117,2014-05-22 00:00:00,4.64,4.73,4.56,4.57,271707.28
118,2014-05-23 00:00:00,4.73,4.77,4.62,4.65,346701.81
119,2014-05-26 00:00:00,4.68,4.76,4.64,4.73,213934.5
120,2014-05-27 00:00:00,4.69,4.75,4.66,4.67,162789.67
121,2014-05-28 00:00:00,4.71,4.73,4.66,4.7,187387.66
122,2014-05-29 00:00:00,4.88,4.92,4.71,4.72,969542.31
123,2014-05-30 00:00:00,4.74,4.81,4.73,4.81,301386.94
124,2014-06-03 00:00:00,4.77,4.82,4.72,4.74,247803.23
125,2014-06-04 00:00:00,4.73,4.78,4.67,4.75,205745.56
126,2014-06-05 00:00:00,4.89,4.9,4.69,4.73,349262.91
127,2014-06-06 00:00:00,4.82,4.91,4.82,4.86,196002.58
128,2014-06-09 00:00:00,4.96,5.02,4.8,4.84,540577.12
129,2014-06-10 00:00:00,4.96,4.98,4.89,4.96,316756.41
130,2014-06-11 00:00:00,4.91,5.05,4.89,4.94,260937.73
131,2014-06-12 00:00:00,4.81,4.89,4.77,4.89,266210.25
132,2014-06-13 00:00:00,4.84,4.87,4.78,4.8,242389.55
133,2014-06-16 00:00:00,4.79,4.84,4.73,4.84,493231.31
134,2014-06-17 00:00:00,4.74,4.77,4.72,4.76,166781.86
135,2014-06-18 00:00:00,4.75,4.8,4.71,4.74,240197.66
136,2014-06-19 00:00:00,4.66,4.77,4.63,4.76,178691.44
137,2014-06-20 00:00:00,4.65,4.68,4.63,4.65,130292.59
138,2014-06-23 00:00:00,4.64,4.7,4.63,4.65,156117.78
139,2014-06-24 00:00:00,4.7,4.7,4.63,4.65,191375.31
140,2014-06-25 00:00:00,4.64,4.69,4.64,4.69,127915.73
141,2014-06-26 00:00:00,4.7,4.78,4.65,4.66,175292.88
142,2014-06-27 00:00:00,4.68,4.71,4.66,4.7,214263.44
143,2014-06-30 00:00:00,4.69,4.73,4.67,4.68,219764.97
144,2014-07-01 00:00:00,4.62,4.7,4.58,4.69,441554.16
145,2014-07-02 00:00:00,4.66,4.67,4.59,4.62,302814.22
146,2014-07-03 00:00:00,4.74,4.76,4.66,4.67,472269.22
147,2014-07-04 00:00:00,4.78,4.79,4.7,4.72,376485.09
148,2014-07-07 00:00:00,4.76,4.82,4.75,4.77,378137.16
149,2014-07-08 00:00:00,4.77,4.8,4.73,4.77,126757.36
150,2014-07-09 00:00:00,4.66,4.76,4.65,4.76,214967.28
151,2014-07-10 00:00:00,4.69,4.74,4.65,4.66,233359.98
152,2014-07-11 00:00:00,4.74,4.79,4.67,4.69,408767.53
153,2014-07-14 00:00:00,4.79,4.8,4.72,4.73,258777.25
154,2014-07-15 00:00:00,4.75,4.81,4.73,4.79,280422.56
155,2014-07-16 00:00:00,4.81,4.85,4.75,4.76,562811.75
156,2014-07-17 00:00:00,4.77,4.8,4.7,4.8,336116.91
157,2014-07-18 00:00:00,4.81,4.93,4.72,4.74,708765.44
158,2014-07-21 00:00:00,4.81,4.84,4.8,4.8,272225.62
159,2014-07-22 00:00:00,4.91,4.97,4.78,4.8,765156.44
160,2014-07-23 00:00:00,4.97,5.03,4.91,4.92,682731.62
161,2014-07-24 00:00:00,5.16,5.22,4.97,4.97,1019515.12
162,2014-07-25 00:00:00,5.13,5.18,5.06,5.16,425373.62
163,2014-07-28 00:00:00,5.31,5.55,5.22,5.22,1176025.38
164,2014-07-29 00:00:00,5.4,5.49,5.26,5.35,646453.88
165,2014-07-30 00:00:00,5.33,5.64,5.28,5.5,1190121.62
166,2014-07-31 00:00:00,5.55,5.55,5.31,5.35,902463.31
167,2014-08-01 00:00:00,5.68,5.78,5.47,5.51,1144070.12
168,2014-08-04 00:00:00,5.71,5.77,5.61,5.67,519401
169,2014-08-05 00:00:00,5.7,5.76,5.6,5.76,393029.31
170,2014-08-06 00:00:00,5.55,5.66,5.48,5.62,462481.19
171,2014-08-07 00:00:00,5.57,5.7,5.52,5.55,385794.69
172,2014-08-08 00:00:00,5.42,5.63,5.41,5.62,414756.34
173,2014-08-11 00:00:00,5.61,5.72,5.43,5.45,647591.62
174,2014-08-12 00:00:00,5.56,5.61,5.51,5.58,244360.77
175,2014-08-13 00:00:00,5.47,5.59,5.39,5.56,423613.06
176,2014-08-14 00:00:00,5.4,5.45,5.38,5.43,428819.94
177,2014-08-15 00:00:00,5.5,5.56,5.38,5.4,661173.69
178,2014-08-18 00:00:00,5.52,5.56,5.48,5.5,315400.94
179,2014-08-19 00:00:00,5.54,5.59,5.49,5.52,350162.72
180,2014-08-20 00:00:00,5.47,5.55,5.46,5.54,230028.66
181,2014-08-21 00:00:00,5.34,5.47,5.25,5.45,583741.81
182,2014-08-22 00:00:00,5.41,5.45,5.32,5.37,338708.34
183,2014-08-25 00:00:00,5.33,5.44,5.3,5.44,230337.66
184,2014-08-26 00:00:00,5.26,5.37,5.25,5.33,288454.5
185,2014-08-27 00:00:00,5.28,5.34,5.26,5.26,278773.22
186,2014-08-28 00:00:00,5.29,5.31,5.26,5.31,129849.32
187,2014-08-29 00:00:00,5.35,5.36,5.26,5.32,220717.86
188,2014-09-01 00:00:00,5.4,5.42,5.32,5.35,259777.47
189,2014-09-02 00:00:00,5.45,5.47,5.37,5.41,307837.84
190,2014-09-03 00:00:00,5.5,5.55,5.43,5.44,355802.5
191,2014-09-04 00:00:00,5.58,5.61,5.53,5.54,414377.12
192,2014-09-05 00:00:00,5.6,5.66,5.58,5.61,405865.41
193,2014-09-09 00:00:00,5.51,5.6,5.47,5.59,376349.62
194,2014-09-10 00:00:00,5.48,5.49,5.36,5.49,334502.44
195,2014-09-11 00:00:00,5.39,5.52,5.38,5.47,488603.81
196,2014-09-12 00:00:00,5.43,5.44,5.38,5.39,282800.19
197,2014-09-15 00:00:00,5.36,5.41,5.28,5.4,665189.62
198,2014-09-16 00:00:00,5.36,5.47,5.33,5.36,700878.12
199,2014-09-17 00:00:00,5.42,5.42,5.33,5.4,332659.66
200,2014-09-18 00:00:00,5.35,5.43,5.34,5.4,359474.97
201,2014-09-19 00:00:00,5.38,5.41,5.33,5.41,263089.06
202,2014-09-22 00:00:00,5.28,5.37,5.27,5.37,286069.47
203,2014-09-23 00:00:00,5.36,5.41,5.3,5.31,315626.06
204,2014-09-24 00:00:00,5.44,5.45,5.36,5.39,538862.38
205,2014-09-25 00:00:00,5.42,5.47,5.4,5.45,366525.75
206,2014-09-26 00:00:00,5.4,5.43,5.35,5.42,236011.55
207,2014-09-29 00:00:00,5.38,5.42,5.34,5.4,446523.5
208,2014-09-30 00:00:00,5.45,5.46,5.38,5.39,512280.94
209,2014-10-08 00:00:00,5.55,5.63,5.51,5.55,712341.69
210,2014-10-09 00:00:00,5.56,5.63,5.51,5.57,542321.88
211,2014-10-10 00:00:00,5.58,5.65,5.52,5.52,606969.31
212,2014-10-13 00:00:00,5.66,5.68,5.53,5.58,747148.69
213,2014-10-14 00:00:00,5.55,5.66,5.52,5.66,441763.75
214,2014-10-15 00:00:00,5.51,5.57,5.48,5.56,363078.69
215,2014-10-16 00:00:00,5.46,5.54,5.45,5.48,348415
216,2014-10-17 00:00:00,5.42,5.51,5.38,5.46,339582.34
217,2014-10-20 00:00:00,5.4,5.45,5.31,5.43,366383.03
218,2014-10-21 00:00:00,5.35,5.42,5.34,5.4,287294.72
219,2014-10-22 00:00:00,5.32,5.43,5.3,5.35,399859.31
220,2014-10-23 00:00:00,5.27,5.35,5.26,5.34,265685.5
221,2014-10-24 00:00:00,5.28,5.3,5.26,5.27,151677.44
222,2014-10-27 00:00:00,5.15,5.26,5.12,5.26,335804.94
223,2014-10-28 00:00:00,5.29,5.31,5.17,5.17,433433.06
224,2014-10-29 00:00:00,5.34,5.36,5.26,5.3,534617.81
225,2014-10-30 00:00:00,5.4,5.41,5.31,5.34,603194.25
226,2014-10-31 00:00:00,5.51,5.55,5.38,5.39,921494.75
227,2014-11-03 00:00:00,5.49,5.61,5.46,5.53,567053.56
228,2014-11-04 00:00:00,5.61,5.68,5.46,5.49,1109381.88
229,2014-11-05 00:00:00,5.55,5.63,5.51,5.62,457586.31
230,2014-11-06 00:00:00,5.55,5.63,5.49,5.56,398854.94
231,2014-11-07 00:00:00,5.47,5.65,5.43,5.56,1328599.25
232,2014-11-10 00:00:00,5.54,5.62,5.43,5.48,943193
233,2014-11-11 00:00:00,5.78,6.03,5.54,5.56,2106948.75
234,2014-11-12 00:00:00,5.97,6.04,5.69,5.72,1624759.25
235,2014-11-13 00:00:00,5.9,5.98,5.79,5.91,950272.69
236,2014-11-14 00:00:00,6.11,6.26,5.85,5.85,1760221.88
237,2014-11-17 00:00:00,6.02,6.25,5.98,6.05,850228.94
238,2014-11-18 00:00:00,5.8,6.05,5.78,6.02,824314.31
239,2014-11-19 00:00:00,5.74,5.81,5.67,5.81,503578.19
240,2014-11-20 00:00:00,5.74,5.76,5.67,5.72,521401.84
241,2014-11-21 00:00:00,5.86,5.88,5.7,5.74,619424.19
242,2014-11-24 00:00:00,6.12,6.31,6.01,6.12,2590997.25
243,2014-11-25 00:00:00,6.13,6.22,6.05,6.2,1015740.81
244,2014-11-26 00:00:00,6.1,6.16,5.99,6.11,1227076.38
245,2014-11-27 00:00:00,6.1,6.22,5.99,6.1,1576796.5
246,2014-11-28 00:00:00,6.39,6.42,6.03,6.11,2911109.75
247,2014-12-01 00:00:00,6.22,6.54,6.21,6.39,1611747
248,2014-12-02 00:00:00,6.32,6.44,6.1,6.2,1700158.5
249,2014-12-03 00:00:00,6.51,6.88,6.35,6.45,3017372.75
250,2014-12-04 00:00:00,6.78,6.86,6.45,6.52,2380238.5
251,2014-12-05 00:00:00,6.56,6.92,6.4,6.85,1942841.12
252,2014-12-08 00:00:00,6.96,7.01,6.35,6.48,2839863.75
253,2014-12-09 00:00:00,6.57,7.39,6.51,6.79,3176598
254,2014-12-10 00:00:00,6.97,7.07,6.48,6.5,1553984.12
255,2014-12-11 00:00:00,7.07,7.33,6.87,6.91,1215354.62
256,2014-12-12 00:00:00,6.96,7.23,6.8,7.12,927573.88
257,2014-12-15 00:00:00,6.82,6.93,6.65,6.93,1055192.38
258,2014-12-16 00:00:00,6.88,6.91,6.64,6.78,1287863.88
259,2014-12-17 00:00:00,6.98,7.02,6.69,6.88,1631276.88
260,2014-12-18 00:00:00,6.86,7.17,6.81,6.98,1224944
261,2014-12-19 00:00:00,6.81,6.87,6.59,6.8,1171767.25
262,2014-12-22 00:00:00,6.86,7.15,6.8,6.82,1675247.12
263,2014-12-23 00:00:00,6.91,7.14,6.65,6.8,1776949.88
264,2014-12-24 00:00:00,6.7,7.02,6.62,6.96,1230947.12
265,2014-12-25 00:00:00,6.79,6.84,6.65,6.76,973008.12
266,2014-12-26 00:00:00,7.17,7.19,6.77,6.8,2200498.75
267,2014-12-29 00:00:00,7.62,7.88,7.11,7.25,2897523.75
268,2014-12-30 00:00:00,7.56,7.95,7.4,7.53,1686194.5
269,2014-12-31 00:00:00,8.25,8.3,7.5,7.62,2151805.75
270,2015-01-05 00:00:00,8.62,8.97,8.51,8.56,2905056.25
271,2015-01-06 00:00:00,8.28,8.59,8.13,8.58,1431714.25
272,2015-01-07 00:00:00,8.17,8.43,7.99,8.27,1264409
273,2015-01-08 00:00:00,7.85,8.23,7.8,8.2,1243871
274,2015-01-09 00:00:00,7.74,8.12,7.7,7.81,1468825.25
275,2015-01-12 00:00:00,7.55,7.66,7.39,7.63,1368986.88
276,2015-01-13 00:00:00,7.58,7.71,7.49,7.56,664042.56
277,2015-01-14 00:00:00,7.63,7.85,7.51,7.61,749130.94
278,2015-01-15 00:00:00,7.95,7.98,7.61,7.64,1003455.44
279,2015-01-16 00:00:00,7.88,7.97,7.73,7.95,959353.44
280,2015-01-19 00:00:00,7.09,7.64,7.09,7.29,1303338.62
281,2015-01-20 00:00:00,7.16,7.27,7.01,7.15,1477970.62
282,2015-01-21 00:00:00,7.88,7.88,7.08,7.16,2535036
283,2015-03-23 00:00:00,8.67,8.67,8.67,8.67,236569.42
284,2015-03-24 00:00:00,9.54,9.54,8.9,9.53,5416934
285,2015-03-25 00:00:00,9.26,9.66,9.18,9.55,3057166
286,2015-03-26 00:00:00,9.13,9.33,9.03,9.26,1783515.5
287,2015-03-27 00:00:00,9.5,9.66,9.3,9.3,2388070.75
288,2015-03-30 00:00:00,10.03,10.26,9.37,9.61,3121133
289,2015-03-31 00:00:00,9.65,10.56,9.5,10.41,3382326.75
290,2015-04-01 00:00:00,9.64,9.77,9.5,9.57,1933877.62
291,2015-04-02 00:00:00,9.52,9.74,9.35,9.66,1677653.25
292,2015-04-03 00:00:00,9.49,9.56,9.3,9.45,1427123.5
293,2015-04-07 00:00:00,9.69,9.84,9.48,9.51,2087179.25
294,2015-04-08 00:00:00,9.7,9.79,9.4,9.76,2136046.5
295,2015-04-09 00:00:00,10.28,10.3,9.46,9.69,3167490.25
296,2015-04-10 00:00:00,10.16,10.28,9.92,10.04,1891193.88
297,2015-04-13 00:00:00,10.22,10.38,10.04,10.2,1868005.25
298,2015-04-14 00:00:00,10.4,10.85,10.06,10.2,2141496
299,2015-04-15 00:00:00,10.09,10.48,9.95,10.41,1517352
300,2015-04-16 00:00:00,10.27,10.33,9.92,10.01,1513165.88
301,2015-04-17 00:00:00,10.37,10.6,10.18,10.36,2328258.25
302,2015-04-20 00:00:00,10.16,10.85,10.06,10.49,2707467.25
303,2015-04-21 00:00:00,10.34,10.37,10.09,10.2,1642706.62
304,2015-04-22 00:00:00,10.59,10.61,10.19,10.35,2296991.75
305,2015-04-23 00:00:00,10.47,10.88,10.38,10.81,1907469
306,2015-04-24 00:00:00,10.18,10.38,10.06,10.3,1523680.38
307,2015-04-27 00:00:00,10.3,10.49,10.11,10.28,1745804.12
308,2015-04-28 00:00:00,9.97,10.28,9.89,10.28,1711765.88
309,2015-04-29 00:00:00,10.11,10.2,9.91,9.98,1322798.88
310,2015-04-30 00:00:00,10.37,10.67,10.08,10.16,2427700.5
311,2015-05-04 00:00:00,10.61,10.83,10.37,10.37,1812906.62
312,2015-05-05 00:00:00,10,10.7,9.89,10.69,1484268
313,2015-05-06 00:00:00,9.68,10.15,9.52,10.08,1181083.5
314,2015-05-07 00:00:00,9.42,9.69,9.36,9.6,949333.19
315,2015-05-08 00:00:00,9.7,9.76,9.38,9.52,920374.62
316,2015-05-11 00:00:00,9.87,10.03,9.74,9.98,1394425.62
317,2015-05-12 00:00:00,9.77,9.91,9.71,9.89,1142430.38
318,2015-05-13 00:00:00,10.02,10.13,9.58,9.77,1601320.38
319,2015-05-14 00:00:00,9.75,10.09,9.72,10,1017241.88
320,2015-05-15 00:00:00,9.43,9.7,9.28,9.7,1022131.56
321,2015-05-18 00:00:00,9.38,9.63,9.25,9.36,813331.19
322,2015-05-19 00:00:00,9.65,9.75,9.41,9.41,1065402.62
323,2015-05-20 00:00:00,9.7,9.9,9.65,9.7,1274599
324,2015-05-21 00:00:00,9.81,9.87,9.55,9.75,1113313.25
325,2015-05-22 00:00:00,10.27,10.34,9.81,9.89,2170795
326,2015-05-25 00:00:00,10.5,10.61,10.22,10.3,2101732
327,2015-05-26 00:00:00,10.65,10.69,10.29,10.59,2388579.5
328,2015-05-27 00:00:00,11.72,11.72,10.8,11,3194049.5
329,2015-05-28 00:00:00,11.1,12.79,11.05,12.19,4168005.75
330,2015-05-29 00:00:00,11.74,11.95,10.91,11.38,3086419
331,2015-06-01 00:00:00,12.28,12.35,11.7,12,2366646
332,2015-06-02 00:00:00,12.3,12.39,11.87,12.3,2047596.62
333,2015-06-03 00:00:00,11.8,12.38,11.65,12.32,1952388
334,2015-06-04 00:00:00,11.61,11.9,10.8,11.82,1889559
335,2015-06-05 00:00:00,11.99,12.14,11.51,11.82,2028468.75
336,2015-06-08 00:00:00,12.19,12.2,11.78,12.12,2404603
337,2015-06-09 00:00:00,12.07,12.44,11.93,12.19,1997580.75
338,2015-06-10 00:00:00,12.14,12.28,11.85,12.14,1867833.38
339,2015-06-11 00:00:00,12,12.24,11.89,12.18,1494376.88
340,2015-06-12 00:00:00,12.08,12.09,11.91,12.01,1883323.88
341,2015-06-15 00:00:00,13.2,13.29,11.95,12.08,3698190
342,2015-06-16 00:00:00,13.1,13.58,12.57,12.8,3091235
343,2015-06-17 00:00:00,12.87,13.35,12.21,13.13,1966326.62
344,2015-06-18 00:00:00,13.37,14.16,12.89,12.93,3310750.75
345,2015-06-19 00:00:00,12.49,13.95,12.4,13.4,3131052.5
346,2015-06-23 00:00:00,12.83,13,11.61,12.63,2182609.25
347,2015-06-24 00:00:00,13.44,13.5,12.48,13.09,2718370.75
348,2015-06-25 00:00:00,13.85,14.78,13.13,13.28,4107184.5
349,2015-06-26 00:00:00,12.47,13.45,12.47,13.3,3035318.25
350,2015-06-29 00:00:00,12.57,13.45,11.26,12.97,3944487
351,2015-06-30 00:00:00,12.98,13.1,11.33,12.37,3489497.5
352,2015-07-01 00:00:00,11.7,13.28,11.68,12.9,2954820.5
353,2015-07-02 00:00:00,10.53,11.6,10.53,11.59,2200090.5
354,2015-07-03 00:00:00,9.48,10.4,9.48,9.6,2377327.25
355,2015-07-06 00:00:00,9.12,10.42,8.53,10.4,3369146.25
356,2015-07-07 00:00:00,8.19,8.98,8.15,8.98,3154824.25
357,2015-07-17 00:00:00,9.01,9.01,9.01,9.01,149469.52
358,2015-07-20 00:00:00,9.91,9.91,9.63,9.91,1894631.12
359,2015-07-21 00:00:00,10.04,10.28,9.62,9.88,1975547.38
360,2015-07-22 00:00:00,9.92,10.12,9.64,9.97,1329501
361,2015-07-23 00:00:00,10.27,10.38,9.86,9.9,1573848.5
362,2015-07-24 00:00:00,10.02,10.42,9.9,10.3,1581156.88
363,2015-07-27 00:00:00,9.02,10.03,9.02,9.81,1225624.5
364,2015-07-28 00:00:00,8.67,8.99,8.13,8.49,1836867.75
365,2015-07-29 00:00:00,9.17,9.17,8.58,8.76,1007942.31
366,2015-07-30 00:00:00,9.02,9.66,8.98,9.33,1258469.5
367,2015-07-31 00:00:00,9.4,9.48,8.9,8.94,1297123.75
368,2015-08-03 00:00:00,10,10,9.21,9.38,1875356.62
369,2015-08-04 00:00:00,10.12,10.17,9.61,10,1201993.88
370,2015-08-05 00:00:00,9.72,10.08,9.68,10.06,828862.12
371,2015-08-06 00:00:00,9.31,9.59,9.25,9.43,693118.62
372,2015-08-07 00:00:00,9.49,9.57,9.37,9.42,549505.69
373,2015-08-10 00:00:00,9.98,10.09,9.56,9.56,1004493.25
374,2015-08-11 00:00:00,10.16,10.47,9.86,9.93,1471204.62
375,2015-08-12 00:00:00,9.91,10.2,9.9,10.02,880814.69
376,2015-08-13 00:00:00,10.05,10.11,9.8,9.88,810392
377,2015-08-14 00:00:00,10.38,10.47,10.05,10.1,1378338.38
378,2015-08-17 00:00:00,10.92,11.09,10.26,10.37,1646471.88
379,2015-08-18 00:00:00,9.83,10.92,9.83,10.92,1406226.88
380,2015-08-19 00:00:00,9.95,10.09,9,9.5,1177271.88
381,2015-08-20 00:00:00,9.34,9.73,9.24,9.63,733191.56
382,2015-08-21 00:00:00,8.8,9.34,8.78,9.25,807939.31
383,2015-08-24 00:00:00,7.92,8.35,7.92,8.32,1133417
384,2015-08-25 00:00:00,7.13,7.5,7.13,7.17,1859539.12
385,2015-08-26 00:00:00,6.84,7.54,6.74,7.29,1173657.38
386,2015-08-27 00:00:00,7.24,7.24,6.82,7.05,882611
387,2015-08-28 00:00:00,7.72,7.8,7.28,7.41,1037486.81
388,2015-08-31 00:00:00,7.89,7.89,7.3,7.68,1005525.06
389,2015-09-01 00:00:00,8.13,8.17,7.31,7.7,1282223.38
390,2015-09-02 00:00:00,8.18,8.4,7.53,7.67,1670360.75
391,2015-09-07 00:00:00,7.73,8.48,7.71,8.17,871420.44
392,2015-09-08 00:00:00,7.88,7.94,7.37,7.68,452913.94
393,2015-09-09 00:00:00,8.08,8.13,7.82,7.9,567168.06
394,2015-09-10 00:00:00,7.83,8.03,7.78,7.99,378161.97
395,2015-09-11 00:00:00,7.85,8.02,7.78,8.02,317943.12
396,2015-09-14 00:00:00,7.36,8.03,7.21,7.94,539825.44
397,2015-09-15 00:00:00,7.04,7.46,6.96,7.3,461395.16
398,2015-09-16 00:00:00,7.57,7.7,6.98,7.1,499818.16
399,2015-09-17 00:00:00,7.27,7.78,7.26,7.46,536574.44
400,2015-09-18 00:00:00,7.34,7.4,7.23,7.33,247704.92
401,2015-09-21 00:00:00,7.56,7.57,7.26,7.3,338654.38
402,2015-09-22 00:00:00,7.55,7.66,7.47,7.56,418658.34
403,2015-09-23 00:00:00,7.25,7.45,7.25,7.42,369842.09
404,2015-09-24 00:00:00,7.28,7.36,7.23,7.31,261437.02
405,2015-09-25 00:00:00,7.16,7.46,7.1,7.3,377814.12
406,2015-09-28 00:00:00,7.2,7.25,7.03,7.18,186196.42
407,2015-09-29 00:00:00,7,7.13,6.93,7.1,290737.09
408,2015-09-30 00:00:00,7.11,7.16,6.99,7.03,297025.22
409,2015-10-07 00:00:00,7.11,7.13,6.4,7.08,12775.86
410,2015-10-08 00:00:00,7.33,7.42,7.28,7.34,372923.94
411,2015-10-09 00:00:00,7.37,7.4,7.3,7.35,422805
412,2015-10-12 00:00:00,7.75,7.77,7.38,7.41,1007722.25
413,2015-10-13 00:00:00,7.69,7.78,7.6,7.66,467699.12
414,2015-10-14 00:00:00,7.62,7.78,7.61,7.7,443351.66
415,2015-10-15 00:00:00,7.78,7.83,7.56,7.6,602629.06
416,2015-10-16 00:00:00,8.15,8.26,7.9,7.97,1284035.62
417,2015-10-19 00:00:00,8.22,8.46,8.11,8.36,1080783.5
418,2015-10-20 00:00:00,8.33,8.38,8.15,8.28,716755
419,2015-10-21 00:00:00,8.06,8.76,7.95,8.39,1333523.5
420,2015-10-22 00:00:00,8.33,8.34,8.02,8.11,776255.81
421,2015-10-23 00:00:00,8.58,8.65,8.28,8.37,941938.06
422,2015-10-26 00:00:00,8.56,8.85,8.5,8.81,854777.5
423,2015-10-27 00:00:00,8.43,8.5,8.12,8.45,641119.75
424,2015-10-28 00:00:00,8.13,8.44,8.11,8.35,468407.69
425,2015-10-29 00:00:00,8.26,8.42,8.16,8.19,606087.81
426,2015-10-30 00:00:00,8.17,8.3,8.09,8.29,430804.09
427,2015-11-02 00:00:00,8.03,8.26,7.99,8.05,366060.97
428,2015-11-03 00:00:00,8.05,8.13,8,8.05,239683.41
429,2015-11-04 00:00:00,8.41,8.44,8.07,8.07,653824.88
430,2015-11-05 00:00:00,8.61,8.93,8.34,8.41,1143102.38
431,2015-11-06 00:00:00,8.78,9.06,8.69,9,1127523.12
432,2015-11-09 00:00:00,8.95,9.08,8.7,8.78,1017960.12
433,2015-11-10 00:00:00,8.81,8.9,8.71,8.86,653918.56
434,2015-11-11 00:00:00,8.95,9.07,8.74,8.83,754974.25
435,2015-11-12 00:00:00,8.77,9.06,8.7,9.01,506194.56
436,2015-11-13 00:00:00,8.46,8.71,8.39,8.66,591189.56
437,2015-11-16 00:00:00,8.48,8.48,8.23,8.3,575152.44
438,2015-11-17 00:00:00,8.5,8.63,8.4,8.54,773011.94
439,2015-11-18 00:00:00,8.68,9.15,8.43,8.46,1283497.5
440,2015-11-19 00:00:00,8.72,8.81,8.61,8.66,503853.56
441,2015-11-20 00:00:00,8.72,8.87,8.68,8.71,497963.53
442,2015-11-23 00:00:00,8.55,8.76,8.5,8.75,484229.84
443,2015-11-24 00:00:00,8.57,8.62,8.45,8.59,356339.38
444,2015-11-25 00:00:00,8.56,8.63,8.5,8.56,490030.59
445,2015-11-26 00:00:00,8.58,8.71,8.54,8.6,526653.31
446,2015-11-27 00:00:00,8.05,8.57,7.99,8.57,668543.19
447,2015-11-30 00:00:00,8.16,8.18,7.85,8.04,432772.03
448,2015-12-01 00:00:00,8.64,8.9,8.05,8.14,1030949.19
449,2015-12-02 00:00:00,8.99,9.09,8.4,8.59,1534591.5
450,2015-12-03 00:00:00,8.92,9.09,8.81,8.98,1001327.44
451,2015-12-04 00:00:00,8.67,8.89,8.6,8.81,648796.38
452,2015-12-07 00:00:00,8.56,8.74,8.47,8.68,492122.91
453,2015-12-08 00:00:00,8.29,8.59,8.26,8.57,479771.75
454,2015-12-09 00:00:00,8.43,8.55,8.29,8.37,452188.06
455,2015-12-10 00:00:00,8.21,8.57,8.11,8.44,508604.75
456,2015-12-11 00:00:00,8.25,8.32,8.12,8.18,247236.03
457,2015-12-14 00:00:00,8.48,8.48,8.1,8.19,328459.44
458,2015-12-15 00:00:00,8.54,8.72,8.45,8.53,461186.38
459,2015-12-16 00:00:00,8.44,8.61,8.42,8.58,324584.72
460,2015-12-17 00:00:00,9.28,9.28,8.47,8.49,2541810.75
461,2015-12-18 00:00:00,9.18,9.8,9.13,9.2,2508047
462,2015-12-21 00:00:00,9.45,9.76,9.11,9.18,1428553.88
463,2015-12-22 00:00:00,9.43,9.61,9.22,9.5,871987.38
464,2015-12-23 00:00:00,9.56,9.93,9.31,9.45,1293426.38
465,2015-12-24 00:00:00,9.26,9.56,9.12,9.51,681388.88
466,2015-12-25 00:00:00,9.34,9.37,9.13,9.29,426202.44
467,2015-12-28 00:00:00,8.93,9.37,8.86,9.34,681531.19
468,2015-12-29 00:00:00,8.93,8.98,8.74,8.9,401305.09
469,2015-12-30 00:00:00,8.87,9.02,8.84,8.86,470436.34
470,2015-12-31 00:00:00,8.8,9.07,8.77,8.85,391144.72
471,2016-01-04 00:00:00,7.95,8.87,7.95,8.85,443112.09
472,2016-01-05 00:00:00,7.94,8.12,7.57,7.7,729229.62
473,2016-01-06 00:00:00,8.1,8.11,7.86,7.93,377720.97
474,2016-01-07 00:00:00,7.35,7.98,7.31,7.98,111812
475,2016-01-08 00:00:00,7.64,7.74,7.2,7.59,556772.75
476,2016-01-11 00:00:00,7.14,7.73,7.1,7.49,429674.03
477,2016-01-12 00:00:00,7.24,7.35,7.08,7.26,316282
478,2016-01-13 00:00:00,7.04,7.34,7.02,7.29,282981.41
479,2016-01-14 00:00:00,7.21,7.25,6.86,6.9,296244.09
480,2016-01-15 00:00:00,6.84,7.2,6.78,7.08,505822.19
481,2016-01-18 00:00:00,6.83,6.98,6.67,6.73,227393.38
482,2016-01-19 00:00:00,7.13,7.23,6.84,6.85,367575.5
483,2016-01-20 00:00:00,6.97,7.2,6.9,7.1,280493.62
484,2016-01-21 00:00:00,6.8,7.05,6.8,6.88,351590.97
485,2016-01-22 00:00:00,6.8,6.9,6.7,6.87,280164.59
486,2016-01-25 00:00:00,6.81,6.88,6.76,6.85,244876.45
487,2016-01-26 00:00:00,6.29,6.8,6.21,6.71,446850.53
488,2016-01-27 00:00:00,6.2,6.4,5.88,6.34,445154.84
489,2016-01-28 00:00:00,6.25,6.36,6.1,6.1,390159.41
490,2016-01-29 00:00:00,6.42,6.51,6.22,6.25,203836.3
491,2016-02-01 00:00:00,6.33,6.51,6.3,6.42,204813.31
492,2016-02-02 00:00:00,6.63,6.8,6.34,6.34,361934.16
493,2016-02-03 00:00:00,6.63,6.75,6.56,6.66,339933.78
494,2016-02-04 00:00:00,6.66,6.72,6.6,6.6,250451.81
495,2016-02-05 00:00:00,6.62,6.75,6.55,6.69,159250.34
496,2016-02-15 00:00:00,6.46,6.54,6.31,6.38,169700.45
497,2016-02-16 00:00:00,6.7,6.72,6.47,6.52,278050.62
498,2016-02-17 00:00:00,6.77,6.81,6.66,6.7,257303.3
499,2016-02-18 00:00:00,6.75,6.97,6.71,6.81,476177.09
500,2016-02-19 00:00:00,6.81,6.91,6.7,6.75,256209.95
501,2016-02-22 00:00:00,6.95,7.08,6.81,6.96,383175.12
502,2016-02-23 00:00:00,6.85,7.01,6.78,7,256367.36
503,2016-02-24 00:00:00,6.92,6.95,6.73,6.86,258793.45
504,2016-02-25 00:00:00,6.43,6.9,6.33,6.9,431379.97
505,2016-02-26 00:00:00,6.5,6.57,6.39,6.5,219638.08
506,2016-02-29 00:00:00,6.47,6.79,6.26,6.6,416440.62
507,2016-03-01 00:00:00,6.72,6.98,6.47,6.56,399636.88
508,2016-03-02 00:00:00,7.39,7.39,6.68,6.69,1326017.38
509,2016-03-03 00:00:00,7.24,7.68,7.22,7.5,1191467.75
510,2016-03-04 00:00:00,7.22,7.44,7.13,7.15,748911.12
511,2016-03-07 00:00:00,7.25,7.47,7.16,7.33,368542.88
512,2016-03-08 00:00:00,7.19,7.25,6.84,7.25,352083.94
513,2016-03-09 00:00:00,6.84,7,6.78,6.98,326568.72
514,2016-03-10 00:00:00,6.6,6.9,6.6,6.84,286895.94
515,2016-03-11 00:00:00,6.56,6.64,6.4,6.5,207783.48
516,2016-03-14 00:00:00,6.78,6.86,6.61,6.62,242840.12
517,2016-03-15 00:00:00,6.71,6.8,6.5,6.78,182890.41
518,2016-03-16 00:00:00,6.66,6.74,6.6,6.73,244370.92
519,2016-03-17 00:00:00,6.81,6.86,6.67,6.67,264789.25
520,2016-03-18 00:00:00,7.07,7.15,6.84,6.84,477065.53
521,2016-03-21 00:00:00,7.18,7.23,7.05,7.11,475938.44
522,2016-03-22 00:00:00,7.05,7.19,6.98,7.17,346525.47
523,2016-03-23 00:00:00,7.07,7.11,6.99,7.03,205128.09
524,2016-03-24 00:00:00,6.94,7.06,6.92,7.01,201971.41
525,2016-03-25 00:00:00,7.03,7.14,6.95,6.95,252649.22
526,2016-03-28 00:00:00,6.93,7.1,6.92,7.1,288121.88
527,2016-03-29 00:00:00,6.77,6.96,6.74,6.96,183379.56
528,2016-03-30 00:00:00,6.97,6.98,6.82,6.82,192674.56
529,2016-03-31 00:00:00,7.01,7.05,6.97,6.99,207337.7
530,2016-04-01 00:00:00,6.94,7.01,6.83,7.01,173396.72
531,2016-04-05 00:00:00,7.06,7.07,6.92,6.95,317175.44
532,2016-04-06 00:00:00,7.02,7.08,6.99,7.04,292022.41
533,2016-04-07 00:00:00,6.93,7.05,6.92,7.05,200674.33
534,2016-04-08 00:00:00,6.82,6.91,6.75,6.91,240085.88
535,2016-04-11 00:00:00,6.92,7,6.81,6.82,315548.25
536,2016-04-12 00:00:00,6.89,6.93,6.8,6.9,207323.59
537,2016-04-13 00:00:00,7,7.07,6.91,6.92,462200.31
538,2016-04-14 00:00:00,7.05,7.06,6.99,7.02,296529.47
539,2016-04-15 00:00:00,7.03,7.06,6.98,7.05,232531.02
540,2016-04-18 00:00:00,6.91,7.04,6.89,7.04,182671.83
541,2016-04-19 00:00:00,6.92,6.98,6.88,6.96,133922.06
542,2016-04-20 00:00:00,6.7,7.01,6.59,6.95,453232.31
543,2016-04-21 00:00:00,6.7,6.77,6.65,6.69,178708.86
544,2016-04-22 00:00:00,6.78,6.83,6.6,6.69,210189
545,2016-04-25 00:00:00,6.68,6.75,6.64,6.73,202202.45
546,2016-04-26 00:00:00,6.7,6.73,6.63,6.69,192233.88
547,2016-04-27 00:00:00,6.67,6.75,6.65,6.7,135141.06
548,2016-04-28 00:00:00,6.61,6.69,6.57,6.68,200979.91
549,2016-04-29 00:00:00,6.65,6.69,6.61,6.62,201815.56
550,2016-05-03 00:00:00,6.79,6.84,6.63,6.65,212222.55
551,2016-05-04 00:00:00,6.8,6.8,6.7,6.77,152257.12
552,2016-05-05 00:00:00,6.8,6.82,6.74,6.76,182739.95
553,2016-05-06 00:00:00,6.62,6.83,6.61,6.81,195723.7
554,2016-05-09 00:00:00,6.51,6.63,6.44,6.6,245548.69
555,2016-05-10 00:00:00,6.52,6.53,6.41,6.46,189625.33
556,2016-05-11 00:00:00,6.53,6.6,6.49,6.54,203861.28
557,2016-05-12 00:00:00,6.49,6.54,6.41,6.41,184378.02
558,2016-05-13 00:00:00,6.45,6.53,6.44,6.5,125749.61
559,2016-05-16 00:00:00,6.47,6.49,6.4,6.46,134378.47
560,2016-05-17 00:00:00,6.44,6.51,6.42,6.47,106765.71
561,2016-05-18 00:00:00,6.5,6.55,6.39,6.42,273439.69
562,2016-05-19 00:00:00,6.43,6.55,6.42,6.48,126220.26
563,2016-05-20 00:00:00,6.45,6.46,6.39,6.41,109286.1
564,2016-05-23 00:00:00,6.47,6.52,6.42,6.44,112543.81
565,2016-05-24 00:00:00,6.41,6.5,6.4,6.45,75534.81
566,2016-05-25 00:00:00,6.41,6.49,6.4,6.44,80512.55
567,2016-05-26 00:00:00,6.38,6.44,6.31,6.42,104872.64
568,2016-05-27 00:00:00,6.4,6.43,6.31,6.38,85640
569,2016-05-30 00:00:00,6.37,6.42,6.35,6.4,78956.01
570,2016-05-31 00:00:00,6.62,6.64,6.37,6.38,335115.06
571,2016-06-01 00:00:00,6.58,6.65,6.57,6.61,158903.16
572,2016-06-02 00:00:00,6.6,6.66,6.54,6.57,135219.38
573,2016-06-03 00:00:00,6.63,6.65,6.54,6.61,209149.89
574,2016-06-06 00:00:00,6.61,6.65,6.6,6.62,122035.43
575,2016-06-07 00:00:00,6.6,6.67,6.59,6.59,131799.38
576,2016-06-08 00:00:00,6.59,6.63,6.55,6.6,98045.76
577,2016-06-13 00:00:00,6.37,6.55,6.36,6.55,134105.58
578,2016-06-14 00:00:00,6.38,6.41,6.33,6.38,121250.76
579,2016-06-15 00:00:00,6.46,6.55,6.33,6.34,166396.42
580,2016-06-16 00:00:00,6.38,6.47,6.36,6.46,113777.16
581,2016-06-17 00:00:00,6.36,6.4,6.33,6.34,114059.88
582,2016-06-20 00:00:00,6.43,6.49,6.28,6.38,192748.33
583,2016-06-21 00:00:00,6.39,6.5,6.38,6.44,145998.94
584,2016-06-22 00:00:00,6.44,6.45,6.37,6.39,84697.45
585,2016-06-23 00:00:00,6.41,6.45,6.37,6.42,95512.75
586,2016-06-24 00:00:00,6.33,6.45,6.27,6.4,176124.38
587,2016-06-27 00:00:00,6.39,6.41,6.27,6.29,118957.01
588,2016-06-28 00:00:00,6.39,6.4,6.33,6.38,174760.27
589,2016-06-29 00:00:00,6.41,6.45,6.37,6.39,238146.09
590,2016-06-30 00:00:00,6.4,6.43,6.38,6.43,137590.45
591,2016-07-01 00:00:00,6.45,6.52,6.39,6.41,289827.56
592,2016-07-04 00:00:00,6.65,6.65,6.42,6.43,392465.84
593,2016-07-05 00:00:00,6.68,6.71,6.63,6.63,261141.34
594,2016-07-06 00:00:00,6.64,6.79,6.6,6.74,234929.77
595,2016-07-07 00:00:00,6.64,6.75,6.62,6.63,301104.81
596,2016-07-08 00:00:00,6.73,6.81,6.62,6.65,294194.91
597,2016-07-11 00:00:00,6.69,6.79,6.68,6.72,163223.95
598,2016-07-12 00:00:00,6.89,6.89,6.67,6.68,319689.88
599,2016-07-13 00:00:00,7,7.13,6.86,6.88,547599.69
600,2016-07-14 00:00:00,7.12,7.27,6.96,6.99,460460.53
601,2016-07-15 00:00:00,7.04,7.15,6.99,7.12,197599.84
602,2016-07-18 00:00:00,6.97,7.08,6.93,7.03,134340.3
603,2016-07-19 00:00:00,6.88,7,6.85,6.98,160164.59
604,2016-07-20 00:00:00,6.91,6.95,6.87,6.88,90689.92
605,2016-07-21 00:00:00,6.91,6.99,6.89,6.9,104050.59
606,2016-07-22 00:00:00,6.83,6.93,6.76,6.91,154886.59
607,2016-07-25 00:00:00,6.82,6.87,6.78,6.82,116644.64
608,2016-07-26 00:00:00,6.94,6.94,6.79,6.81,202538.84
609,2016-07-27 00:00:00,6.72,6.98,6.65,6.94,271993.91
610,2016-07-28 00:00:00,6.81,6.86,6.67,6.7,200256.86
611,2016-07-29 00:00:00,6.77,6.87,6.74,6.78,132864.91
612,2016-08-01 00:00:00,6.77,6.81,6.65,6.75,153955.23
613,2016-08-02 00:00:00,6.9,6.93,6.74,6.76,182160.08
614,2016-08-03 00:00:00,6.93,7.02,6.86,6.86,214980.2
615,2016-08-04 00:00:00,6.97,7.04,6.87,6.93,243061.84
616,2016-08-05 00:00:00,6.95,7.04,6.88,6.97,258924.44
617,2016-08-08 00:00:00,7.01,7.14,6.91,6.93,351040.28
618,2016-08-09 00:00:00,6.99,7.03,6.94,7.01,207940.83
619,2016-08-10 00:00:00,6.89,6.99,6.81,6.99,191585.89
620,2016-08-11 00:00:00,6.83,6.93,6.83,6.88,155622.25
621,2016-08-12 00:00:00,7.26,7.32,6.84,6.85,759961.75
622,2016-08-15 00:00:00,7.51,7.62,7.2,7.24,1038006.88
623,2016-08-16 00:00:00,7.3,7.59,7.25,7.48,1000708.81
624,2016-08-17 00:00:00,7.21,7.37,7.11,7.3,567535.56
625,2016-08-18 00:00:00,7.44,7.76,7.16,7.23,1154594.25
626,2016-08-19 00:00:00,7.32,7.43,7.25,7.38,402169
627,2016-08-22 00:00:00,7.32,7.6,7.26,7.44,552896.19
628,2016-08-23 00:00:00,7.27,7.39,7.21,7.24,341545.34
629,2016-08-24 00:00:00,7.18,7.36,7.16,7.27,343174.75
630,2016-08-25 00:00:00,7.04,7.14,6.94,7.13,412360.66
631,2016-08-26 00:00:00,7.05,7.15,7.03,7.04,223996.92
632,2016-08-29 00:00:00,7.15,7.24,7.03,7.08,299481.38
633,2016-08-30 00:00:00,7.14,7.28,7.11,7.2,289649.09
634,2016-08-31 00:00:00,7.18,7.32,7.11,7.16,519808.03
635,2016-09-01 00:00:00,7.07,7.16,7.05,7.15,288352.91
636,2016-09-02 00:00:00,7.06,7.12,7,7.05,182681.94
637,2016-09-05 00:00:00,7.08,7.12,7.03,7.09,204985.84
638,2016-09-06 00:00:00,7.09,7.09,6.97,7.09,246469.81
639,2016-09-07 00:00:00,7.07,7.13,7.05,7.08,252048.23
640,2016-09-08 00:00:00,7.07,7.11,7.04,7.07,180964.73
641,2016-09-09 00:00:00,7.02,7.08,7,7.08,183390.2
642,2016-09-12 00:00:00,6.83,6.95,6.78,6.95,324201.12
643,2016-09-13 00:00:00,6.85,6.88,6.81,6.85,139469.34
644,2016-09-14 00:00:00,6.85,6.86,6.77,6.83,133126.8
645,2016-09-19 00:00:00,6.9,6.92,6.83,6.84,145607.38
646,2016-09-20 00:00:00,6.89,6.95,6.88,6.91,108157.17
647,2016-09-21 00:00:00,6.92,6.93,6.87,6.89,149479.36
648,2016-09-22 00:00:00,7.02,7.16,6.94,6.94,504983.31
649,2016-09-23 00:00:00,6.95,7.03,6.94,7.03,180613.83
650,2016-09-26 00:00:00,6.8,6.96,6.78,6.94,184384.16
651,2016-09-27 00:00:00,6.89,6.95,6.8,6.8,183184.19
652,2016-09-28 00:00:00,6.87,6.92,6.82,6.9,116649.18
653,2016-09-29 00:00:00,6.99,7.01,6.87,6.88,211497.31
654,2016-09-30 00:00:00,7,7.02,6.97,6.97,156826.34
655,2016-10-10 00:00:00,6.87,6.98,6.77,6.98,354846.75
656,2016-10-11 00:00:00,6.88,6.9,6.83,6.85,232786.95
657,2016-10-12 00:00:00,6.87,6.88,6.82,6.86,151116.02
658,2016-10-13 00:00:00,6.85,6.87,6.81,6.85,160120.97
659,2016-10-14 00:00:00,6.86,6.86,6.81,6.83,116712.51
660,2016-10-17 00:00:00,6.79,6.86,6.78,6.86,155256.92
661,2016-10-18 00:00:00,6.86,6.87,6.78,6.79,161652.52
662,2016-10-19 00:00:00,6.88,6.94,6.87,6.88,202366.3
663,2016-10-20 00:00:00,6.99,7.05,6.86,6.88,321707.19
664,2016-10-21 00:00:00,6.99,7.08,6.92,6.97,241016.69
665,2016-10-24 00:00:00,7.03,7.14,6.97,6.98,290746.78
666,2016-10-25 00:00:00,7.07,7.13,7.01,7.03,297524.06
667,2016-10-26 00:00:00,7.06,7.1,7.02,7.08,205765.3
668,2016-10-27 00:00:00,7.03,7.07,7,7.06,120465.41
669,2016-10-28 00:00:00,6.95,7.06,6.94,7.03,193515.23
670,2016-11-02 00:00:00,6.88,6.94,6.87,6.93,113467.7
671,2016-11-03 00:00:00,6.93,6.95,6.84,6.88,161274.58
672,2016-11-04 00:00:00,6.92,6.97,6.9,6.93,100482.59
673,2016-11-07 00:00:00,6.93,6.97,6.9,6.93,94175.54
674,2016-11-08 00:00:00,6.96,6.98,6.92,6.93,135974.02
675,2016-11-09 00:00:00,6.87,6.96,6.83,6.95,248082.44
676,2016-11-10 00:00:00,6.95,6.97,6.9,6.9,212193.64
677,2016-11-11 00:00:00,6.99,7.07,6.93,6.94,511063.44
678,2016-11-14 00:00:00,7,7.06,6.92,7.01,352117.28
679,2016-11-15 00:00:00,7.04,7.09,6.97,7,280261.84
680,2016-11-16 00:00:00,7.02,7.07,7.01,7.04,216169.2
681,2016-11-17 00:00:00,7.05,7.07,7,7.02,248840
682,2016-11-18 00:00:00,7.03,7.17,7.03,7.06,376168.44
683,2016-11-21 00:00:00,7.05,7.12,7,7.02,316273.84
684,2016-11-22 00:00:00,7.11,7.14,7.06,7.09,394321.09
685,2016-11-23 00:00:00,7.27,7.48,7.1,7.13,1018367.94
686,2016-11-24 00:00:00,7.48,7.63,7.22,7.23,1138580.25
687,2016-11-25 00:00:00,7.48,7.67,7.4,7.45,
688,2016-11-28 00:00:00,7.6,7.66,7.48,7.52,
689,2016-11-29 00:00:00,7.52,7.73,7.5,7.5,
690,2016-11-30 00:00:00,7.45,7.64,7.3,7.53,
691,2016-12-01 00:00:00,7.86,7.94,7.39,7.46,1121981.12
692,2016-12-02 00:00:00,7.74,8.17,7.66,7.79,947547.75
693,2016-12-05 00:00:00,7.45,7.73,7.36,7.6,635799.38
694,2016-12-06 00:00:00,7.36,7.46,7.28,7.42,320903.75
695,2016-12-07 00:00:00,7.38,7.41,7.3,7.34,387092.25
696,2016-12-08 00:00:00,7.28,7.4,7.28,7.39,281706.81
697,2016-12-09 00:00:00,7.34,7.42,7.25,7.29,267675.88
698,2016-12-12 00:00:00,7.06,7.36,7.05,7.34,482094.56
699,2016-12-13 00:00:00,7.12,7.14,7.05,7.05,177624.8
700,2016-12-14 00:00:00,7.09,7.15,7.06,7.12,174946.12
701,2016-12-15 00:00:00,7.08,7.12,7,7.07,178029.48
702,2016-12-16 00:00:00,7.07,7.12,7.01,7.08,168097.12
703,2016-12-19 00:00:00,7.14,7.14,7.02,7.04,162800.3
704,2016-12-20 00:00:00,7.12,7.16,7.08,7.14,146109.38
705,2016-12-21 00:00:00,7.15,7.16,7.1,7.15,164091.84
706,2016-12-22 00:00:00,7.2,7.24,7.11,7.13,171909.12
707,2016-12-23 00:00:00,7.11,7.21,7.09,7.19,149827.11
708,2016-12-26 00:00:00,7.07,7.1,6.89,7.09,144587.69
709,2016-12-27 00:00:00,7.09,7.13,7.05,7.06,143810.67
710,2016-12-28 00:00:00,7.06,7.11,7.05,7.09,118772.81
711,2016-12-29 00:00:00,7.04,7.08,6.98,7.06,165259.94
712,2016-12-30 00:00:00,6.95,7.1,6.95,7.02,171554.98
713,2017-01-03 00:00:00,6.97,7,6.93,6.98,362413.56
714,2017-01-04 00:00:00,6.99,7,6.93,6.97,281692.5
715,2017-01-05 00:00:00,6.99,7.02,6.97,6.98,185220.64
716,2017-01-06 00:00:00,6.93,6.99,6.91,6.99,292329.75
717,2017-01-09 00:00:00,6.97,6.99,6.9,6.92,155369.36
718,2017-01-10 00:00:00,6.98,7.03,6.94,6.97,190176.5
719,2017-01-11 00:00:00,6.97,7.02,6.97,6.98,209661
720,2017-01-12 00:00:00,6.91,6.98,6.91,6.96,141994.52
721,2017-01-13 00:00:00,6.85,6.95,6.82,6.91,183300.52
722,2017-01-16 00:00:00,6.78,6.87,6.66,6.85,290689.97
723,2017-01-17 00:00:00,6.87,6.88,6.74,6.75,142730.83
724,2017-01-18 00:00:00,6.85,6.91,6.82,6.86,86854.42
725,2017-01-19 00:00:00,6.87,6.9,6.83,6.86,83333.16
726,2017-01-20 00:00:00,6.94,6.94,6.88,6.89,124245.32
727,2017-01-23 00:00:00,6.96,6.98,6.91,6.94,120388.21
728,2017-01-24 00:00:00,6.93,6.96,6.92,6.96,91213.5
729,2017-01-25 00:00:00,6.92,6.96,6.9,6.91,119442.28
730,2017-01-26 00:00:00,6.95,6.96,6.92,6.92,93176.86
731,2017-02-02 00:00:00,6.98,7.64,6.95,7,548
732,2017-02-03 00:00:00,6.97,6.97,6.92,6.97,106972.89
733,2017-02-06 00:00:00,7,7.02,6.94,6.97,121757.01
734,2017-02-07 00:00:00,7,7.01,6.95,7,107213.02
735,2017-02-08 00:00:00,7.03,7.03,6.96,6.99,118679.03
736,2017-02-09 00:00:00,7.09,7.14,7,7.03,273704.38
737,2017-02-10 00:00:00,7.09,7.11,7.05,7.11,179101.88
738,2017-02-13 00:00:00,7.16,7.19,7.06,7.11,258502.52
739,2017-02-14 00:00:00,7.13,7.18,7.1,7.17,175773.08
740,2017-02-15 00:00:00,7.1,7.18,7.1,7.14,218910.12
741,2017-02-16 00:00:00,7.25,7.29,7.2,7.2,317341.84
742,2017-02-17 00:00:00,7.23,7.32,7.21,7.25,265298.19
743,2017-02-20 00:00:00,7.41,7.43,7.22,7.23,372639.69
744,2017-02-21 00:00:00,7.41,7.46,7.36,7.42,228664.77
745,2017-02-22 00:00:00,7.4,7.45,7.35,7.43,276587.41
746,2017-02-23 00:00:00,7.33,7.43,7.26,7.4,275455.09
747,2017-02-24 00:00:00,7.37,7.4,7.31,7.32,154309.3
748,2017-02-27 00:00:00,7.35,7.42,7.3,7.35,200630.2
749,2017-02-28 00:00:00,7.5,7.52,7.34,7.35,361025.91
750,2017-03-01 00:00:00,7.45,7.55,7.44,7.49,206478.3
751,2017-03-02 00:00:00,7.41,7.49,7.4,7.48,122204.01
752,2017-03-03 00:00:00,7.33,7.4,7.31,7.38,141828.34
753,2017-03-06 00:00:00,7.49,7.5,7.33,7.35,212727.28
754,2017-03-07 00:00:00,7.52,7.64,7.45,7.47,363301.12
755,2017-03-08 00:00:00,7.52,7.58,7.5,7.55,177860.22
756,2017-03-09 00:00:00,7.42,7.53,7.35,7.53,186861.05
757,2017-03-10 00:00:00,7.46,7.48,7.35,7.43,229251.16
758,2017-03-13 00:00:00,7.6,7.64,7.33,7.43,451762
759,2017-03-14 00:00:00,7.54,7.68,7.5,7.62,319618.59
760,2017-03-15 00:00:00,7.57,7.6,7.44,7.53,297066.59
761,2017-03-16 00:00:00,7.55,7.66,7.51,7.57,268215.81
762,2017-03-17 00:00:00,7.46,7.58,7.45,7.56,275356.22
763,2017-03-20 00:00:00,7.46,7.48,7.36,7.46,296925.47
764,2017-03-21 00:00:00,7.51,7.52,7.43,7.46,224692.08
765,2017-03-22 00:00:00,7.42,7.51,7.36,7.46,233747.41
766,2017-03-23 00:00:00,7.45,7.5,7.39,7.41,208359.64
767,2017-03-24 00:00:00,7.42,7.48,7.36,7.44,265003.53
768,2017-03-27 00:00:00,7.32,7.45,7.29,7.43,220113.08
769,2017-03-28 00:00:00,7.29,7.35,7.24,7.31,232230.16
770,2017-03-29 00:00:00,7.29,7.33,7.22,7.31,161172.41
771,2017-03-30 00:00:00,7.23,7.33,7.19,7.28,173366.22
772,2017-03-31 00:00:00,7.3,7.3,7.22,7.22,134497.45
773,2017-04-05 00:00:00,7.43,7.45,7.31,7.4,243556.31
774,2017-04-06 00:00:00,7.44,7.46,7.4,7.45,150179.55
775,2017-04-07 00:00:00,7.51,7.65,7.4,7.44,404327.97
776,2017-04-10 00:00:00,7.69,7.79,7.51,7.53,756738.88
777,2017-04-11 00:00:00,7.99,8.05,7.63,7.66,970949.44
778,2017-04-12 00:00:00,8.11,8.7,8.08,8.26,1459377.12
779,2017-04-13 00:00:00,8.19,8.27,7.93,8.06,663087.19
780,2017-04-14 00:00:00,7.9,8.15,7.86,8.14,452856.41
781,2017-04-17 00:00:00,7.92,8.07,7.85,7.89,314846.41
782,2017-04-18 00:00:00,8.11,8.28,7.87,7.88,616440.56
783,2017-04-19 00:00:00,8.15,8.24,8.03,8.06,504973.19
784,2017-04-20 00:00:00,8.37,8.54,8.08,8.1,811596.94
785,2017-04-21 00:00:00,8.25,8.54,8.14,8.41,492870.16
786,2017-04-24 00:00:00,8.04,8.24,8,8.21,425377.28
787,2017-04-25 00:00:00,8.23,8.25,8.03,8.05,323173.59
788,2017-04-26 00:00:00,8.34,8.43,8.11,8.2,414964.38
789,2017-04-27 00:00:00,8.06,8.31,7.95,8.3,510073.53
790,2017-04-28 00:00:00,8.15,8.29,8.07,8.13,357355.72
791,2017-05-02 00:00:00,8.1,8.23,8.08,8.15,271435.91
792,2017-05-03 00:00:00,7.98,8.15,7.85,8.09,385991.38
793,2017-05-04 00:00:00,8,8.04,7.91,7.96,175114.52
794,2017-05-05 00:00:00,7.88,8.06,7.87,7.98,203262.16
795,2017-05-08 00:00:00,7.83,8.02,7.82,7.87,295157.28
796,2017-05-09 00:00:00,7.84,7.91,7.75,7.8,172595.8
797,2017-05-10 00:00:00,7.85,7.96,7.77,7.86,219394.94
798,2017-05-11 00:00:00,7.9,7.93,7.66,7.85,295931.62
799,2017-05-12 00:00:00,8.03,8.06,7.8,7.82,262495.75
800,2017-05-15 00:00:00,8.15,8.24,7.95,8.03,278707
801,2017-05-16 00:00:00,8.16,8.17,8.03,8.15,264720.31
802,2017-05-17 00:00:00,8.3,8.4,8.12,8.18,474292.88
803,2017-05-18 00:00:00,8.59,8.86,8.18,8.2,789571.19
804,2017-05-19 00:00:00,8.45,8.67,8.41,8.5,469462.88
805,2017-05-22 00:00:00,8.51,8.67,8.4,8.44,375070.16
806,2017-05-23 00:00:00,8.51,8.61,8.33,8.49,335578.09
807,2017-05-24 00:00:00,8.46,8.57,8.36,8.46,282921.97
808,2017-05-25 00:00:00,8.82,8.85,8.41,8.46,547765.19
809,2017-05-26 00:00:00,8.75,8.93,8.71,8.83,354837.84
810,2017-05-30 00:00:00,8.75,8.75,8.75,8.75,10
811,2017-05-31 00:00:00,8.82,9.08,8.71,9,432760
812,2017-06-01 00:00:00,8.82,9.01,8.78,8.8,435823.84
813,2017-06-02 00:00:00,8.73,8.85,8.61,8.8,308582.97
814,2017-06-05 00:00:00,8.61,8.79,8.56,8.71,335758.31
815,2017-06-06 00:00:00,8.95,8.99,8.59,8.63,512102.47
816,2017-06-07 00:00:00,9.24,9.33,8.93,8.96,796419.62
817,2017-06-08 00:00:00,9.24,9.35,9.12,9.2,424662.19
818,2017-06-09 00:00:00,9.31,9.53,9.23,9.23,484669.91
819,2017-06-12 00:00:00,9.5,9.66,9.27,9.37,537800.12
820,2017-06-13 00:00:00,9.34,9.49,9.27,9.49,438622
821,2017-06-14 00:00:00,9.3,9.55,9.16,9.34,510588.12
822,2017-06-15 00:00:00,9.11,9.35,9.01,9.35,471808.25
823,2017-06-16 00:00:00,9.45,9.51,9.02,9.1,532487.19
824,2017-06-19 00:00:00,9.51,9.68,9.31,9.35,605534.75
825,2017-06-20 00:00:00,9.36,9.56,9.24,9.52,442323.91
826,2017-06-21 00:00:00,9.39,9.45,9.15,9.42,501241.41
827,2017-06-22 00:00:00,9.51,9.81,9.29,9.38,858486.75
828,2017-06-23 00:00:00,9.63,9.64,9.29,9.49,689052.56
829,2017-06-26 00:00:00,9.94,10.08,9.66,9.67,1033075.06
830,2017-06-27,10.08,10.26,9.88,9.98,649805.25
831,2017-06-28,10.03,10.16,9.94,10.06,473399.81
832,2017-06-29,9.94,10.12,9.8,10.09,465363.41
833,2017-06-30,10.06,10.23,9.85,9.88,646848.75
834,2017-07-03,9.85,10.13,9.81,10.06,556248.38
835,2017-07-04,9.63,9.93,9.51,9.85,821180.31
836,2017-07-05,9.73,9.79,9.43,9.63,625521.25
837,2017-07-06,9.67,9.75,9.58,9.7,461363.28
838,2017-07-07,9.7,9.78,9.51,9.67,358055.53
839,2017-07-10,9.48,9.76,9.45,9.62,515636.59
840,2017-07-11,9.72,9.85,9.42,9.42,621733.62
841,2017-07-12,9.77,9.84,9.64,9.75,457953.75
842,2017-07-13,9.63,9.81,9.6,9.81,286573.19
843,2017-07-14,9.67,9.71,9.54,9.63,239882.56
844,2017-07-17,9.14,9.74,9.1,9.67,772031.75
845,2017-07-18,9.12,9.27,9.01,9.14,650359.62
846,2017-07-19,9.4,9.42,9.07,9.12,498961.91
847,2017-07-20,9.43,9.61,9.35,9.37,428973.59
848,2017-07-21,9.46,9.63,9.35,9.39,388316.91
849,2017-07-24,9.27,9.54,9.25,9.46,443601.81
850,2017-07-25,9.18,9.36,9.1,9.24,331177.53
851,2017-07-26,9.04,9.21,8.85,9.2,481222.59
852,2017-07-27,9.11,9.15,8.93,9.02,275193.69
853,2017-07-28,9.13,9.26,9.06,9.08,333972.56
854,2017-07-31,9.2,9.28,9,9.13,355228.72
855,2017-08-01,9.22,9.27,9.1,9.2,256592.77
856,2017-08-02,9.41,9.53,9.18,9.22,623115.38
857,2017-08-03,9.08,9.41,9,9.41,684863.38
858,2017-08-04,8.76,9.09,8.76,9.03,630466.5
859,2017-08-07,8.7,8.75,8.6,8.72,344956.97
860,2017-08-08,8.75,8.82,8.63,8.7,289587.84
861,2017-08-09,8.84,8.88,8.65,8.76,299993.91
862,2017-08-10,8.68,8.86,8.53,8.86,386621.03
863,2017-08-11,8.46,8.69,8.42,8.59,325334.72
864,2017-08-14,8.5,8.6,8.39,8.47,358765.59
865,2017-08-15,8.6,8.64,8.48,8.49,232652.58
866,2017-08-16,8.58,8.64,8.42,8.59,338983.62
867,2017-08-17,8.61,8.63,8.53,8.56,216479.5
868,2017-08-18,8.81,8.86,8.53,8.56,448849.38
869,2017-08-21,8.87,8.96,8.81,8.81,282268.03
870,2017-08-22,8.8,8.93,8.78,8.88,170088.05
871,2017-08-23,8.82,8.85,8.75,8.8,138205.72
872,2017-08-24,8.71,8.83,8.65,8.8,155656.59
873,2017-08-25,8.88,8.91,8.72,8.72,229339.56
874,2017-08-28,9,9.09,8.81,8.83,362136.25
875,2017-08-29,9.03,9.08,8.91,9.02,179935.23
876,2017-08-30,8.93,9.11,8.92,8.98,184307.69
877,2017-08-31,8.7,8.97,8.58,8.94,527076.5
878,2017-09-01,8.69,8.73,8.61,8.71,343579.44
879,2017-09-04,8.64,8.71,8.59,8.7,364760.88
880,2017-09-05,8.75,8.77,8.63,8.64,389077.59
881,2017-09-06,8.72,8.78,8.68,8.74,216449.2
882,2017-09-07,9.05,9.25,8.7,8.7,1062897.25
883,2017-09-08,9.12,9.26,9.02,9.07,518557
884,2017-09-11,9.2,9.37,9.13,9.2,520795.59
885,2017-09-12,9.2,9.27,9.04,9.2,396421.09
886,2017-09-13,9.16,9.21,9.08,9.2,176209.12
887,2017-09-14,9.45,9.48,9.12,9.16,758117.12
888,2017-09-15,9.35,9.78,9.3,9.4,746337.44
889,2017-09-18,9.27,9.64,9.24,9.43,781406.31
890,2017-09-19,9.32,9.55,9.2,9.32,739730.88
891,2017-09-20,9.16,9.32,9.1,9.32,430407.62
892,2017-09-21,9.09,9.22,9.03,9.14,304586.16
893,2017-09-22,9.08,9.14,9,9.08,218731.56
894,2017-09-25,8.47,9.01,8.38,9.01,848554
895,2017-09-26,8.4,8.52,8.33,8.39,334981.44
896,2017-09-27,8.29,8.45,8.23,8.42,570577.94
897,2017-09-28,8.19,8.32,8.09,8.31,483205.75
898,2017-09-29,8.17,8.3,8.13,8.19,351470.88
899,2017-10-09,8.29,8.41,8.27,8.34,483990.88
900,2017-10-10,8.35,8.4,8.17,8.26,263571.75
901,2017-10-11,8.31,8.37,8.26,8.33,185838.88
902,2017-10-12,8.21,8.32,8.19,8.31,168023.28
903,2017-10-13,8.47,8.55,8.33,8.33,518300.16
904,2017-10-16,8.35,8.53,8.3,8.43,297469.69
905,2017-10-17,8.35,8.44,8.32,8.35,183653.88
906,2017-10-18,8.44,8.47,8.3,8.35,186896.64
907,2017-10-19,8.46,8.52,8.39,8.4,252581.16
